Player,Opponent,Winner,Date,Youtube Video Title,Comment,Sentiment
Sinner J.,Djokovic N.,Sinner J.,2025-07-11,Sublime from Sinner | Jannik Sinner vs Novak Djokovic | Extended Highlights | Wimbledon 2025,"Welp, Roger's 8 Wimbledon titles record is officially safe for years now 😎😎",Neutral
Sinner J.,Djokovic N.,Sinner J.,2025-07-11,Sublime from Sinner | Jannik Sinner vs Novak Djokovic | Extended Highlights | Wimbledon 2026,"Felt a bit like the torch passing from the Big 3 (Fed, Nadal, Djoker) to the new Big 2 (Sinner+Alcaraz). Bittersweet and exciting.",Positive
Sinner J.,Djokovic N.,Sinner J.,2025-07-11,Sublime from Sinner | Jannik Sinner vs Novak Djokovic | Extended Highlights | Wimbledon 2027,I dont think ive ever seen Djokovic not have an answer and he knew it.,Negative
Sinner J.,Djokovic N.,Sinner J.,2025-07-11,Sublime from Sinner | Jannik Sinner vs Novak Djokovic | Extended Highlights | Wimbledon 2028,"Making it to the semi-finals, beating players nearly half his age to get there is an amazing feat, but father time has caught up to him",Negative
Sinner J.,Djokovic N.,Sinner J.,2025-07-11,Sublime from Sinner | Jannik Sinner vs Novak Djokovic | Extended Highlights | Wimbledon 2029,Sinner makes any fast player seem slow. Incredible,Positive
Sinner J.,Rublev A.,Sinner J.,2025-06-02,Jannik Sinner vs Andrey Rublev - FULL Match Highlights - Fourth Round | Roland Garros 2025,The scary thing is that Rublev played great. Sinner is literally unplayable.,Positive
Sinner J.,Rublev A.,Sinner J.,2025-06-02,Jannik Sinner vs Andrey Rublev - FULL Match Highlights - Fourth Round | Roland Garros 2025,This is what highlights should be. Excellent job!,Positive
Sinner J.,Rublev A.,Sinner J.,2025-06-02,Jannik Sinner vs Andrey Rublev - FULL Match Highlights - Fourth Round | Roland Garros 2025,Sinner is brutally good. I love watching Rublev play. It's heartwarming when the players meet at the net like this at the end of the match. I wish both great athletes the best.,Positive
Sinner J.,Rublev A.,Sinner J.,2025-06-02,Jannik Sinner vs Andrey Rublev - FULL Match Highlights - Fourth Round | Roland Garros 2025,"Rublev had one of the best serves this week so far, and served at around 75%. Sinner served around 57%, and still won like this…",Neutral
Sinner J.,Rublev A.,Sinner J.,2025-06-02,Jannik Sinner vs Andrey Rublev - FULL Match Highlights - Fourth Round | Roland Garros 2025,the unnerving fact is Sinner was not definitely at his best. Not even close.,Negative
Sinner J.,Alcaraz C.,Alcaraz C.,2025-05-18,Jannik Sinner vs Carlos Alcaraz For The Title! 🏆 | Rome 2025 Final Highlights,This is what we call the tennis quantum paradox: Nobody can beat sinner except Alcaraz. Everybody on a good day can beat Alcaraz except sinner,Neutral
Sinner J.,Alcaraz C.,Alcaraz C.,2025-05-18,Jannik Sinner vs Carlos Alcaraz For The Title! 🏆 | Rome 2025 Final Highlights,"Alcaraz has already won all 4 major clay titles (Roland Garros, Monte Carlo, Madrid and Rome) at age 22 😳",Positive
Sinner J.,Alcaraz C.,Alcaraz C.,2025-05-18,Jannik Sinner vs Carlos Alcaraz For The Title! 🏆 | Rome 2025 Final Highlights,"Alcaraz to Sinner at the end: ""Happy to have you back..."" That's called true sportmanship.",Positive
Sinner J.,Alcaraz C.,Alcaraz C.,2025-05-18,Jannik Sinner vs Carlos Alcaraz For The Title! 🏆 | Rome 2025 Final Highlights,"Very few can take on Sinner's rhythmic and consistent pummelling from the baseline, but Alcaraz's variation and agility is the perfect antidote.  A brilliant title win.",Positive
Sinner J.,Alcaraz C.,Alcaraz C.,2025-05-18,Jannik Sinner vs Carlos Alcaraz For The Title! 🏆 | Rome 2025 Final Highlights,"Alcaraz lives for these big matches, big moments, moments when the stakes are high. Congratulations, Carlitos! I have started watching tennis again because of you!!",Positive
Alcaraz C.,Sinner J.,Sinner J.,2025-07-13,An EPIC rivalry for the ages | Carlos Alcaraz v Jannik Sinner | Extended Highlights | Wimbledon 2025,The way he has recovered from that heartbreaking loss at Roland Garros is nothing short of incredible.,Positive
Alcaraz C.,Sinner J.,Sinner J.,2025-07-13,An EPIC rivalry for the ages | Carlos Alcaraz v Jannik Sinner | Extended Highlights | Wimbledon 2026,"True champion! He doesn't scream, shout, or boast, whether he wins or loses a point.. always calm and composed. Amazing character.",Positive
Alcaraz C.,Sinner J.,Sinner J.,2025-07-13,An EPIC rivalry for the ages | Carlos Alcaraz v Jannik Sinner | Extended Highlights | Wimbledon 2027,"This is one of most elite tennis I have ever seen.  Offense, defense, movement, power, angles.....from both players.",Positive
Alcaraz C.,Sinner J.,Sinner J.,2025-07-13,An EPIC rivalry for the ages | Carlos Alcaraz v Jannik Sinner | Extended Highlights | Wimbledon 2028,Alcaraz fan here to congratulate Jannik! His serve was unstoppable today. These two will bring plenty of joy for tennis enjoyers in years to come and im so here for it!,Positive
Alcaraz C.,Sinner J.,Sinner J.,2025-07-13,An EPIC rivalry for the ages | Carlos Alcaraz v Jannik Sinner | Extended Highlights | Wimbledon 2029,The last game of 2nd set is pure melody from Sinner..,Positive
Alcaraz C.,Paul T.,Alcaraz C.,2025-06-03,Carlos Alcaraz vs Tommy Paul - FULL Quarterfinal Highlights | Roland Garros 2025,Paul got hit by a truck tonight.,Negative
Alcaraz C.,Paul T.,Alcaraz C.,2025-06-03,Carlos Alcaraz vs Tommy Paul - FULL Quarterfinal Highlights | Roland Garros 2026,Alcaraz and Sinner just feel above everyone else in this tournament...,Positive
Alcaraz C.,Paul T.,Alcaraz C.,2025-06-03,Carlos Alcaraz vs Tommy Paul - FULL Quarterfinal Highlights | Roland Garros 2027,Both women's matches were longer than this. That's how dominant Carlos was.,Positive
Alcaraz C.,Paul T.,Alcaraz C.,2025-06-03,Carlos Alcaraz vs Tommy Paul - FULL Quarterfinal Highlights | Roland Garros 2028,What I just saw was not normal. This man is not human. He just made and exceptionally talented player look average.,Neutral
Alcaraz C.,Paul T.,Alcaraz C.,2025-06-03,Carlos Alcaraz vs Tommy Paul - FULL Quarterfinal Highlights | Roland Garros 2029,"So polite Carlos at the end, like ""sorry man, it was not my intention...""",Positive
Alcaraz C.,Rune H.,Rune H.,2025-04-20,Carlos Alcaraz vs Holger Rune For The Title! 🏆 | Barcelona 2025 Final Highlights,"What a match from Rune, perfect from start to finish, no one would have thought at the start of the tournament that he would win, and welcome back to the top 10!",Positive
Alcaraz C.,Rune H.,Rune H.,2025-04-20,Carlos Alcaraz vs Holger Rune For The Title! 🏆 | Barcelona 2025 Final Highlights,What an insane run from Rune. Well played to both him and Carlos.,Positive
Alcaraz C.,Rune H.,Rune H.,2025-04-20,Carlos Alcaraz vs Holger Rune For The Title! 🏆 | Barcelona 2025 Final Highlights,What I took from the commentator is that everything is huge 😂,Neutral
Alcaraz C.,Rune H.,Rune H.,2025-04-20,Carlos Alcaraz vs Holger Rune For The Title! 🏆 | Barcelona 2025 Final Highlights,"Rune had a bad behavior in the past but now he is more mature person. I was rooting for him in this final, well done.",Neutral
Alcaraz C.,Rune H.,Rune H.,2025-04-20,Carlos Alcaraz vs Holger Rune For The Title! 🏆 | Barcelona 2025 Final Highlights,"Good win for Rune, he was amazing!",Positive
Zverev A.,Medvedev D.,Medvedev D.,2025-06-21,Alexander Zverev vs Daniil Medvedev Highlights | Halle 2025,It feels good to see Daniil coming back at this level !,Positive
Zverev A.,Medvedev D.,Medvedev D.,2025-06-21,Alexander Zverev vs Daniil Medvedev Highlights | Halle 2026,Octopus Nation rise up 🐙🐙🐙,Neutral
Zverev A.,Medvedev D.,Medvedev D.,2025-06-21,Alexander Zverev vs Daniil Medvedev Highlights | Halle 2027,Nice to see Medvedev playing like a top 5 again. He is gonna be dangerous in WB!,Positive
Zverev A.,Medvedev D.,Medvedev D.,2025-06-21,Alexander Zverev vs Daniil Medvedev Highlights | Halle 2028,Medvedev and Fritz really have Zverev’s numbers. It’s like he goes through a mental block whenever he sees them.,Negative
Zverev A.,Medvedev D.,Medvedev D.,2025-06-21,Alexander Zverev vs Daniil Medvedev Highlights | Halle 2029,Big Meddy fan.  But man does Zverev have a sweet 2 hander.,Positive
Zverev A.,Musetti L.,Musetti L.,2025-05-14,Thrilling Alexander Zverev vs Lorenzo Musetti Encounter 💥 | Rome 2025 Highlights,"Winning or losing, it's a joy to watch Musetti play tennis.",Positive
Zverev A.,Musetti L.,Musetti L.,2025-05-14,Thrilling Alexander Zverev vs Lorenzo Musetti Encounter 💥 | Rome 2025 Highlights,"Musetti's variety of shots - high balls,  low slices, extreme top spin shots, angles.  What a pleasure to watch.",Positive
Zverev A.,Musetti L.,Musetti L.,2025-05-14,Thrilling Alexander Zverev vs Lorenzo Musetti Encounter 💥 | Rome 2025 Highlights,"Musetti’s forehand has improved so much. The backhand, touch and variety have always been there but that inside-out forehand is a brand new weapon. Hoping for an epic semifinal against Alcaraz",Positive
Zverev A.,Musetti L.,Musetti L.,2025-05-14,Thrilling Alexander Zverev vs Lorenzo Musetti Encounter 💥 | Rome 2025 Highlights,This guy is magical...,Positive
Zverev A.,Musetti L.,Musetti L.,2025-05-14,Thrilling Alexander Zverev vs Lorenzo Musetti Encounter 💥 | Rome 2025 Highlights,"So happy for Musetti, maybe the most old school player in the top 100",Positive
Zverev A.,Shelton B.,Zverev A.,2025-4-20,Alexander Zverev vs Ben Shelton | Munich 2025 Final Highlights,Zverev’s backhand was immense today.,Positive
Zverev A.,Shelton B.,Zverev A.,2025-4-20,Alexander Zverev vs Ben Shelton | Munich 2025 Final Highlights,Shelton gave it his all but zverev simply the better player,Positive
Zverev A.,Shelton B.,Zverev A.,2025-4-20,Alexander Zverev vs Ben Shelton | Munich 2025 Final Highlights,"This was such an entertaining game to watch, I had a small Stake punt on Shelton but Zverev proved why he should never be understimated 🔥",Positive
Zverev A.,Shelton B.,Zverev A.,2025-4-20,Alexander Zverev vs Ben Shelton | Munich 2025 Final Highlights,"Does not get any better! Winning at home on your birthday is well done, Sascha 🎂🎊🎉",Positive
Zverev A.,Shelton B.,Zverev A.,2025-4-20,Alexander Zverev vs Ben Shelton | Munich 2025 Final Highlights,So happy for Zverev. Back to winning and on his birthday. He deserved the win. Positive momentum going forward. I see the haters silent so far. Keep your hate to yourself.,Positive
Djokovic N.,De Minaur A.,Djokovic N. ,2025-07-07,Stunning comeback! | Alex de Minaur vs Novak Djokovic | Highlights | Wimbledon 2025,"That comeback in the fourth set is a Djoko special. Trailing 4-1, and won the last 5 games of the match. What a LEGEND! Let's get to the semis and make a challenge for Mr. Sinner! IDEMO!!!",Positive
Djokovic N.,De Minaur A.,Djokovic N. ,2025-07-07,Stunning comeback! | Alex de Minaur vs Novak Djokovic | Highlights | Wimbledon 2026,Djoko is still a monster at 38. What a come back❤,Positive
Djokovic N.,De Minaur A.,Djokovic N. ,2025-07-07,Stunning comeback! | Alex de Minaur vs Novak Djokovic | Highlights | Wimbledon 2027,"4:02 Down 1-4, break point.  2 seconds later 5-4, match point.  Incredible.",Positive
Djokovic N.,De Minaur A.,Djokovic N. ,2025-07-07,Stunning comeback! | Alex de Minaur vs Novak Djokovic | Highlights | Wimbledon 2028,The old man just never quits. Exactly why he's the GOAT.,Positive
Djokovic N.,De Minaur A.,Djokovic N. ,2025-07-07,Stunning comeback! | Alex de Minaur vs Novak Djokovic | Highlights | Wimbledon 2029,Djokovic is truly legend hope he can reach trophy this time,Positive
Djokovic N.,Fritz T.,Djokovic N. ,2024-10-12,Novak Djokovic vs Taylor Fritz Extended Highlights | Shanghai 2024,"There’s a whole set of players like Fritz, Tsitsipas etc who I don’t think will ever ever beat Djokovic again, even if he’s 45 and unable to move side to side properly",Negative
Djokovic N.,Fritz T.,Djokovic N. ,2024-10-12,Novak Djokovic vs Taylor Fritz Extended Highlights | Shanghai 2025,"aaand... after 2 sets Im noticing, its not US Open 2025........",Neutral
Djokovic N.,Fritz T.,Djokovic N. ,2024-10-12,Novak Djokovic vs Taylor Fritz Extended Highlights | Shanghai 2026,The GREATEST of all time 🐐🇷🇸,Positive
Djokovic N.,Fritz T.,Djokovic N. ,2024-10-12,Novak Djokovic vs Taylor Fritz Extended Highlights | Shanghai 2027,all the greats have good movement like nba point guards,Neutral
Djokovic N.,Fritz T.,Djokovic N. ,2024-10-12,Novak Djokovic vs Taylor Fritz Extended Highlights | Shanghai 2028,"Fritz is everything Djokovic like ! He is a baseliner, good serve, good forehand and backhand but nothing that really disrupt Novak rythm (10-0) Fritz doesn’t move that well and doesn’t rush the net nor play dropshogs ect….HOWEVER this is Fritz best chance ! Novak is not getting any younger and his body might start to feel old ! If he plays well and can make Djokovic run and run again and again, well there might be a chance but I see Novak winning",Neutral
Djokovic N.,Ruud C.,Ruud C.,2024-04-13,Casper Ruud STUNS Novak Djokovic For Biggest Ever Win | Monte Carlo 2024 Semi-Final Highlights,this is a huge W for one of the nicest and most humble guys on tour. hope he brings it home tomorrow 🙏,Positive
Djokovic N.,Ruud C.,Ruud C.,2024-04-13,Casper Ruud STUNS Novak Djokovic For Biggest Ever Win | Monte Carlo 2024 Semi-Final Highlights,From 4-4 to match point? where are the highlights that decided the match to get Ruud to match point? Seriously Tennis TV?,Negative
Djokovic N.,Ruud C.,Ruud C.,2024-04-13,Casper Ruud STUNS Novak Djokovic For Biggest Ever Win | Monte Carlo 2024 Semi-Final Highlights,Casper is one of the most endearing players of all time. He finally gets the sense of achievement he has long deserved.,Positive
Djokovic N.,Ruud C.,Ruud C.,2024-04-13,Casper Ruud STUNS Novak Djokovic For Biggest Ever Win | Monte Carlo 2024 Semi-Final Highlights,Players like Casper showing such a mental resolve against such giants of the game is pretty satisfying,Positive
Djokovic N.,Ruud C.,Ruud C.,2024-04-13,Casper Ruud STUNS Novak Djokovic For Biggest Ever Win | Monte Carlo 2024 Semi-Final Highlights,"My favorite sentence: ""A lot depends on how the match goes."" 😂",Positive
Shelton B.,Tiafoe F.,Shelton B.,2025-07-26,Ben Shelton vs Frances Tiafoe Electric Match Highlights | Washington 2025,Shelton really taking his game up a notch this tournament. Love to see it.,Positive
Shelton B.,Tiafoe F.,Shelton B.,2025-07-26,Ben Shelton vs Frances Tiafoe Electric Match Highlights | Washington 2026,Ben's backhand is massively improved from last year,Positive
Shelton B.,Tiafoe F.,Shelton B.,2025-07-26,Ben Shelton vs Frances Tiafoe Electric Match Highlights | Washington 2027,When two best friend meet each other 🔥🔥,Neutral
Shelton B.,Tiafoe F.,Shelton B.,2025-07-26,Ben Shelton vs Frances Tiafoe Electric Match Highlights | Washington 2028,Shelton is such a talent that deserve to be with the top seeds.,Positive
Shelton B.,Tiafoe F.,Shelton B.,2025-07-26,Ben Shelton vs Frances Tiafoe Electric Match Highlights | Washington 2029,say whatever you want about shelton but that is a world class serve and he is getting better little by little all the time.,Positive
Shelton B.,Sinner J.,Sinner J.,2025-07-09,Stunning display | Jannik Sinner vs Ben Shelton | Extended Highlights | Wimbledon 2025,"Typical Sinner match.  His opponent plays incredible top level tennis, and it’s not even close to being enough.",Neutral
Shelton B.,Sinner J.,Sinner J.,2025-07-09,Stunning display | Jannik Sinner vs Ben Shelton | Extended Highlights | Wimbledon 2026,"I don't understand how people say Jannik plays like a robot. He has variety, power and a willingness to finish points. He's not a showman like Carlos but he certainly isn't a robot.",Negative
Shelton B.,Sinner J.,Sinner J.,2025-07-09,Stunning display | Jannik Sinner vs Ben Shelton | Extended Highlights | Wimbledon 2027,I'm so happy to see that the RG final loss hasn't deterred Sinner. I really hope he goes all the way.,Positive
Shelton B.,Sinner J.,Sinner J.,2025-07-09,Stunning display | Jannik Sinner vs Ben Shelton | Extended Highlights | Wimbledon 2028,Sheldon has improved so much and he played so well in this match. Sinner is just too good atm.,Positive
Shelton B.,Sinner J.,Sinner J.,2025-07-09,Stunning display | Jannik Sinner vs Ben Shelton | Extended Highlights | Wimbledon 2029,no shame in losing to sinner,Neutral
Shelton B.,Alcaraz C.,Alcaraz C.,2025-06-01,Carlos Alcaraz vs Ben Shelton - FULL Match Highlights - Fourth Round | Roland Garros 2025,What nice is to see the embrace and the positive words they said to each other. This is the way it should be competitive but friendly afterwards.,Positive
Shelton B.,Alcaraz C.,Alcaraz C.,2025-06-01,Carlos Alcaraz vs Ben Shelton - FULL Match Highlights - Fourth Round | Roland Garros 2026,The new generation is so talented and young. We have years of joy ahead of us. Shelton is lovely to watch. And what can be said about Alcaraz? Some of the points are highlights of the best shots of the year.,Positive
Shelton B.,Alcaraz C.,Alcaraz C.,2025-06-01,Carlos Alcaraz vs Ben Shelton - FULL Match Highlights - Fourth Round | Roland Garros 2027,"Both players played great tennis, I love the moment at the end at the net, they enjoyed it as much as we did.  Shelton is getting better and better and Carlos it’s just great under pressure, nothing faze him.",Positive
Shelton B.,Alcaraz C.,Alcaraz C.,2025-06-01,Carlos Alcaraz vs Ben Shelton - FULL Match Highlights - Fourth Round | Roland Garros 2028,Love the smiles and enjoyment these two showed playing each other!!!  That is what life is all about!!,Positive
Shelton B.,Alcaraz C.,Alcaraz C.,2025-06-01,Carlos Alcaraz vs Ben Shelton - FULL Match Highlights - Fourth Round | Roland Garros 2029,"Wow what an incredible performance by Ben, I've never seen him that dialed in",Positive